Date,Depth,Temperature,pH,Eh (mV vs. Ag/AgCl),EC (É S/cm),DO (mg/L),Eh (mV vs. SHE),log10 O2 (M),log O2 (M)
2022.07.07,B,,,,,,,,
2022.07.07,S,30.7,6.15,,,,,,
2022.07.13,B,,,,,,,,
2022.07.13,S,27.5,6.19,,,,,,
2022.07.21,B,,,,,,,,
2022.07.21,S,28.3,6.31,,,,,,
2022.07.29,B,,,,,,,,
2022.07.29,S,26.2,6.18,,161.2,0.48,,-4.823908741,-11.10746036
2022.08.02,B,,,155.8,,0.41,,-4.892366122,-11.2650893
2022.08.02,S,26.1,6.25,303.8,188.3,0.63,0.50903,-4.705809429,-10.83552664
2022.08.09,B,,,127.1,,0.39,,-4.914085371,-11.31509972
2022.08.09,S,25.6,6.28,231.1,165.4,0.84,0.43668,-4.580870692,-10.54784457
2022.08.18,B,,,113.1,,0.51,,-4.797579802,-11.04683574
2022.08.18,S,24.9,6.58,336.6,142,0.79,0.54267,-4.607522887,-10.60921352
2022.08.26,B,25.1,6.33,-272.1,325,0.42,-0.06617,-4.881900688,-11.24099175
2022.08.26,S,25.4,6.57,19.2,182,1.05,0.22492,-4.483960679,-10.32470102
2022.08.31,35,23.5,6.59,-304.3,330,0.11,-0.113,-5.463757293,-12.58076609
2022.08.31,30,23.8,6.63,-302.5,248,0.11,-0.11141,-5.463757293,-12.58076609
2022.08.31,25,23.9,6.66,-300.3,232,0.11,-0.10928,-5.463757293,-12.58076609
2022.08.31,20,24.2,6.67,-276.3,225,0.12,-0.08549,-5.425968732,-12.49375472
2022.08.31,15,24.5,6.65,-256.8,204,0.26,-0.0662,-5.09017663,-11.72056483
2022.08.31,10,24.9,6.67,196.2,174.7,0.58,0.38652,-4.741721985,-10.91821836
2022.08.31,5,25.4,6.73,196.6,133.4,1.27,0.38657,-4.401346257,-10.13447428
2022.09.06,35,23.9,6.25,-286.6,324,0.15,-0.09558,-5.329058719,-12.27061117
2022.09.06,30,24,6.29,-286.9,300,0.15,-0.09595,-5.329058719,-12.27061117
2022.09.06,25,24.3,6.42,-238.6,201,0.16,-0.04786,-5.301029996,-12.20607265
2022.09.06,20,24.4,6.54,-239.7,143.2,0.26,-0.04903,-5.09017663,-11.72056483
2022.09.06,15,24.6,6.7,250.5,114.5,0.53,0.44103,-4.780874109,-11.00836945
2022.09.06,10,24.8,6.79,260.3,113.7,1.57,0.45069,-4.309250326,-9.922415562
2022.09.06,5,24.9,6.87,275.8,112.2,2.34,0.46612,-4.135934121,-9.523340252
2022.09.15,B,24.2,6.55,-275.3,232,0.2,-0.06874,-5.204119983,-11.98292909
2022.09.15,S,24.6,6.77,213.9,118.6,1.12,0.42018,-4.455931956,-10.2601625
2022.09.16,B,,,,,,,,
2022.09.16,S,,,,,,,,
2022.09.22,40,20.4,6.71,-270.9,143.9,0.08,-0.07743,-5.602059991,-12.89921983
2022.09.22,35,20.3,6.71,-264.7,143.8,0.11,-0.07116,-5.463757293,-12.58076609
2022.09.22,30,20.3,6.72,87.2,143.3,0.12,0.28074,-5.425968732,-12.49375472
2022.09.22,25,20.3,6.72,95,143,0.14,0.28854,-5.359021943,-12.33960404
2022.09.22,20,20.3,6.72,118.4,143,0.17,0.31194,-5.274701057,-12.14544802
2022.09.22,15,20.3,6.72,121.3,143,0.28,0.31484,-5.057991947,-11.64645686
2022.09.22,10,20.3,6.7,122.5,143.1,0.25,0.31604,-5.10720997,-11.75978554
2022.09.22,5,20.3,6.68,133.8,143,0.32,0.32734,-5,-11.51292546
2022.09.28,B,21,6.73,-295,125.4,0.18,-0.0862,-5.249877473,-12.08828961
2022.09.28,S,21.1,6.71,274.6,125.8,0.73,0.48333,-4.641827118,-10.68820193
2022.10.06,40,18.6,6.75,-173.3,145.7,0.09,0.02143,-5.550907469,-12.78143679
2022.10.06,35,18.6,6.75,-151.3,145.7,0.09,0.04343,-5.550907469,-12.78143679
2022.10.06,30,18.6,6.75,76.7,147.9,0.13,0.27143,-5.391206626,-12.41371201
2022.10.06,25,18.6,6.75,109.4,148.2,0.14,0.30413,-5.359021943,-12.33960404
2022.10.06,20,18.6,6.75,145,148.8,0.16,0.33973,-5.301029996,-12.20607265
2022.10.06,15,18.6,6.75,165.3,147.7,0.2,0.36003,-5.204119983,-11.98292909
2022.10.06,10,18.6,6.75,187.4,144.1,0.24,0.38213,-5.124938737,-11.80060754
2022.10.06,5,18.6,6.75,250.4,135.4,1.31,0.44513,-4.387878683,-10.10346404
2022.10.12,B,16.5,6.75,166.6,122.1,1.06,0.37855,-4.479844113,-10.31522227
2022.10.12,S,16.5,6.75,256.1,122.3,1.58,0.46805,-4.306492891,-9.916066335
2022.10.19,40,16.1,6.85,-265.1,128,0.12,-0.06862,-5.425968732,-12.49375472
2022.10.19,35,16.1,6.87,-208.6,128.1,0.13,-0.01212,-5.391206626,-12.41371201
2022.10.19,30,16.1,6.85,95.7,128.5,0.15,0.29218,-5.329058719,-12.27061117
2022.10.19,25,16.1,6.83,198.7,129.5,0.21,0.39518,-5.182930684,-11.93413893
2022.10.19,20,16.1,6.82,195.2,128.5,0.21,0.39168,-5.182930684,-11.93413893
2022.10.19,15,16.1,6.82,193.7,127.7,0.26,0.39018,-5.09017663,-11.72056483
2022.10.19,10,16.1,6.79,209,127.8,0.31,0.40548,-5.013788284,-11.54467416
2022.10.19,5,16.1,6.78,304.5,127.7,0.7,0.50098,-4.660051938,-10.73016613
2022.10.26,B,13.7,6.8,-229.6,139.5,0.64,-0.01569,-4.698970004,-10.81977828
2022.10.26,S,13.7,6.76,324.3,136.9,1.97,0.53821,-4.210683752,-9.695457639
2022.11.02,40,14.2,6.9,-60.7,128,1.38,0.13711,-4.365270892,-10.05140768
2022.11.02,35,14.2,6.98,254.8,127,1.24,0.45261,-4.411728293,-10.1583798
2022.11.02,30,14.2,6.96,287,126.8,1.68,0.48481,-4.279840697,-9.854697388
2022.11.02,25,14.2,6.94,306.4,126.9,1.72,0.50421,-4.269621531,-9.831166891
2022.11.02,20,14.2,6.92,312.3,127.1,1.84,0.51011,-4.240332155,-9.76372561
2022.11.02,15,14.2,6.9,315.6,126.9,1.83,0.51341,-4.242698889,-9.769175215
2022.11.02,10,14.2,6.87,321,127,2.18,0.51881,-4.166693485,-9.594166305
2022.11.02,5,14.5,6.84,332,127.7,2.69,0.5296,-4.075397698,-9.383949988
2022.11.09,B,12.6,6.83,-176.3,144.4,0.13,0.03838,-5.391206626,-12.41371201
2022.11.09,S,12.7,6.78,331.7,139.7,2.16,0.54631,-4.170696227,-9.60338296
2022.11.16,40,12.3,6.84,-250.4,130.9,0.14,-0.05126,-5.359021943,-12.33960404
2022.11.16,35,12.1,6.88,-232,130.9,0.19,-0.03272,-5.226396377,-12.03422239
2022.11.16,30,12.1,6.87,193.3,130.9,0.36,0.39258,-4.948847478,-11.39514243
2022.11.16,25,12.1,6.88,235.2,130.8,0.53,0.43448,-4.780874109,-11.00836945
2022.11.16,20,12.1,6.88,257.2,132.3,0.57,0.45648,-4.749275123,-10.9356101
2022.11.16,15,12.1,6.86,268.1,132.6,0.54,0.46738,-4.772756218,-10.98967732
2022.11.16,10,12.1,6.83,288.1,130.5,0.63,0.48738,-4.705809429,-10.83552664
2022.11.16,5,12.3,6.83,321.4,130.2,2,0.52054,-4.204119983,-9.680344001
2022.11.25,B,12.7,6.85,-231.5,160.3,0.17,-0.01689,-5.274701057,-12.14544802
2022.11.25,S,12.8,6.81,214.2,158.3,1.36,0.42874,-4.37161107,-10.06600648
2022.12.02,45,10.3,6.88,-211.4,153.1,0.29,-0.01086,-5.04275198,-11.61136554
2022.12.02,40,10,6.9,201.5,152.9,0.45,0.40225,-4.851937465,-11.17199888
2022.12.02,35,9.9,6.91,243.5,153.1,0.6,0.44432,-4.726998728,-10.88431681
2022.12.02,30,9.9,6.9,247.7,153.6,0.61,0.44852,-4.719820143,-10.8677875
2022.12.02,25,9.9,6.89,255.2,153.6,0.67,0.45602,-4.679075176,-10.77396875
2022.12.02,20,9.9,6.88,258.6,153.6,0.68,0.45942,-4.672641066,-10.75915366
2022.12.02,15,9.9,6.84,271.1,153.7,0.67,0.47192,-4.679075176,-10.77396875
2022.12.02,10,9.9,6.83,277.7,153.7,0.73,0.47852,-4.641827118,-10.68820193
2022.12.02,5,10,6.83,331.1,153.5,1.42,0.53185,-4.352861634,-10.02283431
2022.12.07,B,9.1,6.74,-211.3,158.5,0.3,0.00583,-5.028028724,-11.57746399
2022.12.07,S,8.9,6.74,331.6,158.2,2.08,0.54887,-4.187086643,-9.641123288
2022.12.16,40,7,6.79,-433.6,184.3,0.18,-0.23075,-5.249877473,-12.08828961
2022.12.16,35,6.2,6.79,52.8,180.4,0.27,0.25621,-5.073786214,-11.6828245
2022.12.16,30,6.1,6.79,42.6,179.4,0.31,0.24608,-5.013788284,-11.54467416
2022.12.16,25,6.1,6.78,59,179.7,0.37,0.26248,-4.936948254,-11.36774346
2022.12.16,20,6.1,6.79,104.7,179.1,0.51,0.30818,-4.797579802,-11.04683574
2022.12.16,15,6.1,6.78,137.2,179.2,0.64,0.34068,-4.698970004,-10.81977828
2022.12.16,10,6.1,6.76,152.9,179.2,0.83,0.35638,-4.586071886,-10.55982076
2022.12.16,5,6.2,6.73,167.1,178.2,1.73,0.37051,-4.267103875,-9.825369773
2022.12.21,B,6.7,6.6,-200.2,189.3,0.34,0.01861,-4.973671061,-11.45230084
2022.12.21,S,4,6.75,6.4,186.1,1.28,0.2271,-4.397940009,-10.1266311
2022.12.27,45,5.6,6.7,-214.8,195,0.24,-0.01097,-5.124938737,-11.80060754
2022.12.27,40,5.8,6.72,18,193.9,0.41,0.22169,-4.892366122,-11.2650893
2022.12.27,35,5.2,6.75,27.1,188.6,0.57,0.23121,-4.749275123,-10.9356101
2022.12.27,30,5.2,6.77,83.9,189.2,0.75,0.28801,-4.630088715,-10.66117325
2022.12.27,25,5.2,6.75,116.7,189.6,0.81,0.32081,-4.596664959,-10.58421221
2022.12.27,20,5.2,6.75,128.7,190.3,0.96,0.33281,-4.522878745,-10.41431318
2022.12.27,15,5.2,6.75,129.7,190.2,1.06,0.33381,-4.479844113,-10.31522227
2022.12.27,10,5.2,6.74,128.6,190.3,1.18,0.33271,-4.433267971,-10.20797674
2022.12.27,5,5.3,6.75,134.7,190.4,1.22,0.33874,-4.418790148,-10.17464032
2023.01.05,B,6,6.68,-178,222,0.3,0.0413,-5.028028724,-11.57746399
2023.01.05,S,5.6,6.7,162.8,220,1.63,0.38238,-4.292962374,-9.884911167
2023.01.12,40,5.4,6.58,-178.6,245,0.54,0.02537,-4.772756218,-10.98967732
2023.01.12,35,4.5,6.63,12.2,244,0.74,0.2168,-4.635918259,-10.67459627
2023.01.12,30,4.1,6.64,23.5,245,1.12,0.22838,-4.455931956,-10.2601625
2023.01.12,25,3.7,6.66,34.6,245,1.33,0.23976,-4.381298337,-10.08831224
2023.01.12,20,3.6,6.68,62.1,245,1.8,0.26733,-4.249877473,-9.785704517
2023.01.12,15,3.5,6.68,70.2,245,1.88,0.2755,-4.230992129,-9.742219405
2023.01.12,10,3.5,6.69,75.6,245,2.41,0.2809,-4.123132936,-9.493864434
2023.01.12,5,3.5,6.72,106.3,246,3.01,0.3116,-4.026583483,-9.271551103
2023.01.19,B,5.9,6.56,-143.9,231,0.54,0.07547,-4.772756218,-10.98967732
2023.01.19,S,6,6.58,148.6,212,2.24,0.3679,-4.15490196,-9.567015316
2023.01.26,45,4.1,6.73,-156.3,234,0.38,0.04858,-4.925366382,-11.34107521
2023.01.26,40,3.8,6.74,-103.9,233,0.57,0.10119,-4.749275123,-10.9356101
2023.01.26,35,3.5,6.77,-15.1,233,0.85,0.1902,-4.575731053,-10.53601011
2023.01.26,30,3.5,6.82,89.4,233,1.51,0.2947,-4.326173031,-9.961381531
2023.01.26,25,3.1,6.85,109,232,1.76,0.31458,-4.259637311,-9.808177373
2023.01.26,20,2.8,6.85,137,232,2.01,0.34279,-4.201953921,-9.67535646
2023.01.26,15,2.7,6.86,137.8,232,2.46,0.34366,-4.114214871,-9.473329832
2023.01.26,10,2.6,6.88,153.7,232,3,0.35963,-4.028028724,-9.274878893
2023.01.26,5,2.4,6.9,164.2,232,4.4,0.37027,-3.861697302,-8.891886641
2023.02.01,B,4.5,6.38,-41.8,222,0.52,0.17855,-4.789146635,-11.02741765
2023.02.01,S,4,6.8,195,216,4.17,0.4157,-3.885013923,-8.945575146
2023.02.09,45,6.2,6.75,-49.9,222,0.17,0.15351,-5.274701057,-12.14544802
2023.02.09,40,5.9,6.78,39.2,222,0.17,0.24282,-5.274701057,-12.14544802
2023.02.09,35,5.9,6.77,69.2,222,0.2,0.27282,-5.204119983,-11.98292909
2023.02.09,30,5.9,6.77,104.2,222,0.25,0.30782,-5.10720997,-11.75978554
2023.02.09,25,5.9,6.76,108,222,0.28,0.31162,-5.057991947,-11.64645686
2023.02.09,20,6,6.76,118.8,221,0.34,0.32235,-4.973671061,-11.45230084
2023.02.09,15,6,6.75,124.6,221,0.42,0.32815,-4.881900688,-11.24099175
2023.02.09,10,6,6.75,136.5,220,0.46,0.34005,-4.842392147,-11.15001997
2023.02.09,5,6.3,6.77,201.8,219,1.57,0.40514,-4.309250326,-9.922415562
2023.02.16,B,4.8,6.81,124.5,198.5,1.13,0.34464,-4.452071535,-10.25127355
2023.02.16,S,4.4,6.82,313.5,182.7,2.82,0.53392,-4.05490087,-9.336754297
2023.02.22,45,5.3,6.72,82.2,199,0.32,0.28624,-5,-11.51292546
2023.02.22,40,5.2,6.78,127.6,196.1,0.39,0.33171,-4.914085371,-11.31509972
2023.02.22,35,4.9,6.81,189.8,192.6,0.64,0.39412,-4.698970004,-10.81977828
2023.02.22,30,4.9,6.82,201,192.6,1.03,0.40532,-4.492312754,-10.34393238
2023.02.22,25,4.9,6.83,208.6,192.6,1.24,0.41292,-4.411728293,-10.1583798
2023.02.22,20,4.9,6.81,218.2,192.5,1.44,0.42252,-4.346787486,-10.00884807
2023.02.22,15,4.9,6.8,225.4,192.4,1.86,0.42972,-4.235637034,-9.752914694
2023.02.22,10,5,6.8,229.6,192.2,2.11,0.43385,-4.180867523,-9.626803234
2023.02.22,5,5.1,6.77,249.4,192.1,2.15,0.45358,-4.172711518,-9.60802334
2023.02.28,B,5.9,6.76,-74.6,190.8,0.36,0.14477,-4.948847478,-11.39514243
2023.02.28,S,6.8,6.81,246.2,173.7,1.97,0.46494,-4.210683752,-9.695457639
2023.03.16,40,9.4,6.54,-145.2,189.6,0.1,0.05597,-5.505149978,-12.67607627
2023.03.16,35,9.3,6.61,-104.1,185.5,0.11,0.09714,-5.463757293,-12.58076609
2023.03.16,30,9.3,6.61,-79,185.7,0.23,0.12224,-5.143422142,-11.84316715
2023.03.16,25,9.3,6.61,-26.8,185.6,0.51,0.17444,-4.797579802,-11.04683574
2023.03.16,20,9.3,6.62,69.3,185.4,0.65,0.27054,-4.692236622,-10.8042741
2023.03.16,15,9.3,6.62,151,185.4,0.6,0.35224,-4.726998728,-10.88431681
2023.03.16,10,9.7,6.61,212.1,184.9,1.3,0.41306,-4.391206626,-10.11112692
2023.03.16,5,10.7,6.61,274.9,184.9,2.01,0.47516,-4.201953921,-9.67535646
2023.03.24,B,13,6.41,-123.5,169.3,0.14,0.0909,-5.359021943,-12.33960404
2023.03.24,S,15.2,6.61,185.1,165.4,1.91,0.39796,-4.224116611,-9.72638794
2023.03.29,45,9.5,6.42,-200.1,183.1,0.08,0.001,-5.602059991,-12.89921983
2023.03.29,40,9.5,6.56,-181.4,179.1,0.09,0.0197,-5.550907469,-12.78143679
2023.03.29,35,9.3,6.63,-10.2,175.8,0.17,0.19104,-5.274701057,-12.14544802
2023.03.29,30,9.3,6.63,-2.1,176.4,0.18,0.19914,-5.249877473,-12.08828961
2023.03.29,25,9.3,6.63,32.4,176,0.24,0.23364,-5.124938737,-11.80060754
2023.03.29,20,9.4,6.66,64.7,175.5,0.39,0.26587,-4.914085371,-11.31509972
2023.03.29,15,9.4,6.67,183.7,175.6,0.61,0.38487,-4.719820143,-10.8677875
2023.03.29,10,9.8,6.68,216.7,174.8,1.06,0.41759,-4.479844113,-10.31522227
2023.03.29,5,10.3,6.69,272.9,174.4,2.37,0.47344,-4.130401632,-9.510601227
2023.04.04,B,11.4,6.52,-86.4,204,0.05,0.12912,-5.806179974,-13.36922346
2023.04.04,S,12.2,6.51,186.2,199.2,1.67,0.40116,-4.282433507,-9.860667555
2023.04.09,45,11.4,6.42,-179.4,267,0.04,0.02037,-5.903089987,-13.59236701
2023.04.09,40,11,6.45,-137,178.7,0.04,0.06305,-5.903089987,-13.59236701
2023.04.09,35,10.9,6.49,-73.2,176.2,0.05,0.12692,-5.806179974,-13.36922346
2023.04.09,30,10.9,6.49,47.9,172.5,0.3,0.24802,-5.028028724,-11.57746399
2023.04.09,25,11,6.52,71,172.2,0.36,0.27105,-4.948847478,-11.39514243
2023.04.09,20,11,6.52,92.7,172,0.58,0.29275,-4.741721985,-10.91821836
2023.04.09,15,11.1,6.53,159.2,172,0.82,0.35918,-4.591336126,-10.57194212
2023.04.09,10,11.2,6.55,220.7,172.5,1.21,0.42061,-4.422364608,-10.18287082
2023.04.09,5,11.3,6.56,249.4,172.8,1.86,0.44924,-4.235637034,-9.752914694
2023.04.17,B,12.4,6.43,-184.2,191.1,0.17,0.03062,-5.274701057,-12.14544802
2023.04.17,S,12.8,6.44,235.3,148.2,1.37,0.44984,-4.368429411,-10.05868044
2023.05.02,45,13,6.39,-158.9,175.8,0,0.03975,ND,ND
2023.05.02,40,13,6.43,-132.3,170,0,0.06635,ND,ND
2023.05.02,35,13,6.44,-117.3,171.4,0.04,0.08135,-5.903089987,-13.59236701
2023.05.02,30,13.1,6.45,-69.8,167.6,0.16,0.12878,-5.301029996,-12.20607265
2023.05.02,25,13,6.44,-46.9,169.1,0.07,0.15175,-5.660051938,-13.03275122
2023.05.02,20,13.1,6.44,21.1,168.8,0.13,0.21968,-5.391206626,-12.41371201
2023.05.02,15,13.2,6.46,63.2,166.8,0.15,0.26171,-5.329058719,-12.27061117
2023.05.02,10,13.2,6.46,115.1,168.2,0.17,0.31361,-5.274701057,-12.14544802
2023.05.02,5,13.5,6.52,268.5,163.9,1.38,0.4668,-4.365270892,-10.05140768
2023.05.11,B,14.1,6.27,-140.4,201,0.06,0.07323,-5.726998728,-13.1869019
2023.05.11,S,14.7,6.43,243.5,140.2,1.6,0.45671,-4.301029996,-9.903487553
2023.05.18,45,15.5,6.09,-263.2,211,0.01,-0.0663,-6.505149978,-14.97866137
2023.05.18,40,15.6,6.08,-254.4,202,0.02,-0.05757,-6.204119983,-14.28551419
2023.05.18,35,15.7,6.1,-250.4,201,0.02,-0.05364,-6.204119983,-14.28551419
2023.05.18,30,15.9,6.15,-240.4,191.6,0.02,-0.04378,-6.204119983,-14.28551419
2023.05.18,25,16.1,6.1,-217.3,185.4,0.03,-0.02082,-6.028028724,-13.88004908
2023.05.18,20,16.5,6.15,-213.4,167.4,0.06,-0.0172,-5.726998728,-13.1869019
2023.05.18,15,17.2,6.21,-126.2,162.1,0.1,0.06951,-5.505149978,-12.67607627
2023.05.18,10,17.6,6.24,18.6,156.5,0.25,0.21403,-5.10720997,-11.75978554
2023.05.18,5,18.1,6.24,155.6,155.7,1.17,0.35068,-4.436964117,-10.21648743
2023.05.24,B,15.8,6.18,-223.6,199.2,0.03,-0.01116,-6.028028724,-13.88004908
2023.05.24,S,16.3,6.27,-82.1,181.3,0.62,0.12999,-4.712758289,-10.85152698
2023.05.31,45,17.3,6.13,-292,253,0,-0.09636,ND,ND
2023.05.31,40,17.5,6.11,-286.8,236,0,-0.0913,ND,ND
2023.05.31,35,17.6,6.13,-292.8,233,0,-0.09737,ND,ND
2023.05.31,30,17.8,6.11,-287.5,226,0.01,-0.09221,-6.505149978,-14.97866137
2023.05.31,25,17.8,6.2,-273.7,222,0.01,-0.07841,-6.505149978,-14.97866137
2023.05.31,20,18,6.24,-270.6,221,0.02,-0.07545,-6.204119983,-14.28551419
2023.05.31,15,18.1,6.26,-162.8,208,0.04,0.03228,-5.903089987,-13.59236701
2023.05.31,10,18.3,6.27,21.4,202,0.1,0.21634,-5.505149978,-12.67607627
2023.05.31,5,18.4,6.38,35.4,198.1,0.42,0.23027,-4.881900688,-11.24099175
2023.06.07,45,17.6,6.24,-121.6,176.4,0,0.07383,ND,ND
2023.06.07,40,17.6,6.26,-86.9,175.9,0,0.10853,ND,ND
2023.06.07,35,17.6,6.27,-69.8,175.8,0,0.12563,ND,ND
2023.06.07,30,17.6,6.28,-35.4,175.7,0.01,0.16003,-6.505149978,-14.97866137
2023.06.07,25,17.8,6.27,-7,174.5,0.04,0.18829,-5.903089987,-13.59236701
2023.06.07,20,17.9,6.28,59.6,173.4,0.05,0.25482,-5.806179974,-13.36922346
2023.06.07,15,18,6.29,68.2,171,0.24,0.26335,-5.124938737,-11.80060754
2023.06.07,10,18.4,6.31,95.7,168,0.64,0.29057,-4.698970004,-10.81977828
2023.06.07,5,18.8,6.29,126.9,154.9,1.47,0.32149,-4.337832644,-9.988228781
2023.06.23,B,19.5,6.51,-107.7,246,0.04,0.10215,-5.903089987,-13.59236701
2023.06.23,S,19.9,6.63,32.1,224,0.55,0.24167,-4.764787289,-10.97132818
2023.06.27,40,19.9,6.17,-294.2,305,0.03,-0.10038,-6.028028724,-13.88004908
2023.06.27,35,20,6.19,-279.4,299,0.03,-0.08565,-6.028028724,-13.88004908
2023.06.27,30,20.3,6.2,-282.9,289,0.03,-0.08936,-6.028028724,-13.88004908
2023.06.27,25,20.5,6.21,-286.1,283,0.04,-0.0927,-5.903089987,-13.59236701
2023.06.27,20,21,6.25,-276.2,274,0.05,-0.08315,-5.806179974,-13.36922346
2023.06.27,15,21.1,6.3,-264.3,271,0.05,-0.07132,-5.806179974,-13.36922346
2023.06.27,10,21.7,6.33,-245.2,260,0.11,-0.05264,-5.463757293,-12.58076609
2023.06.27,5,22.2,6.45,6,249,0.8,0.19821,-4.602059991,-10.59663473
2023.07.04,B,22.6,6.28,-216.1,247,0.07,-0.00842,-5.660051938,-13.03275122
2023.07.04,S,23.6,6.29,54.2,238,1.02,0.26118,-4.496549807,-10.35368855
2023.07.20,45,23.2,6.22,-228.6,374,0.02,-0.03709,-6.204119983,-14.28551419
2023.07.20,40,23.3,6.16,-183.5,402,0.02,0.00794,-6.204119983,-14.28551419
2023.07.20,35,23.6,6.23,-172.1,341,0.03,0.01913,-6.028028724,-13.88004908
2023.07.20,30,23.9,6.4,-90.8,255,0.03,0.10022,-6.028028724,-13.88004908
2023.07.20,25,24,6.48,-76.4,248,0.04,0.11455,-5.903089987,-13.59236701
2023.07.20,20,24.1,6.61,-68.3,233,0.04,0.12258,-5.903089987,-13.59236701
2023.07.20,15,24.2,6.77,-56.8,233,0.05,0.13401,-5.806179974,-13.36922346
2023.07.20,10,24.2,6.75,-21.6,227,0.06,0.16921,-5.726998728,-13.1869019
2023.07.20,5,24.2,6.74,-21.4,222,0.19,0.16941,-5.226396377,-12.03422239
2023.07.25,B,23.5,6.03,-50.3,431,0.07,0.15675,-5.660051938,-13.03275122
2023.07.25,S,24.8,6.67,271,260,0.42,0.47714,-4.881900688,-11.24099175
2023.07.31,40,24.3,6.03,-109.7,490,0.04,0.08104,-5.903089987,-13.59236701
2023.07.31,35,24.4,6.04,-46.1,486,0.05,0.14457,-5.806179974,-13.36922346
2023.07.31,30,24.6,6.06,-2.9,432,0.06,0.18763,-5.726998728,-13.1869019
2023.07.31,25,25,6.13,101.5,358,0.07,0.29175,-5.660051938,-13.03275122
2023.07.31,20,25.2,6.22,285.6,328,0.08,0.47571,-5.602059991,-12.89921983
2023.07.31,15,25.5,6.33,293.7,297,0.09,0.4836,-5.550907469,-12.78143679
2023.07.31,10,25.9,6.65,300.8,279,0.13,0.49042,-5.391206626,-12.41371201
2023.07.31,5,26.3,6.81,305.7,271,0.47,0.49504,-4.83305212,-11.12851377
2023.08.10,B,24.9,6.18,-122.7,462,0.11,0.08337,-5.463757293,-12.58076609
2023.08.10,S,25.8,6.93,318.3,178.2,0.74,0.52374,-4.635918259,-10.67459627
2023.08.14,40,24.7,6.17,-114.5,499,0.07,0.07596,-5.660051938,-13.03275122
2023.08.14,35,24.8,6.21,-74.6,485,0.07,0.11579,-5.660051938,-13.03275122
2023.08.14,30,25,6.21,-33.9,391,0.07,0.15635,-5.660051938,-13.03275122
2023.08.14,25,25.2,6.26,-2,311,0.09,0.18811,-5.550907469,-12.78143679
2023.08.14,20,25.3,6.55,65.3,230,0.09,0.25534,-5.550907469,-12.78143679
2023.08.14,15,25.3,6.83,284.4,211,0.1,0.47444,-5.505149978,-12.67607627
2023.08.14,10,25.3,6.85,295.5,210,0.12,0.48554,-5.425968732,-12.49375472
2023.08.14,5,25.5,6.86,309.3,208,0.21,0.4992,-5.182930684,-11.93413893
2023.08.21,B,25.1,5.9,-84.2,451,0.11,0.12173,-5.463757293,-12.58076609
2023.08.21,S,27.7,6.3,257.1,146,1.39,0.46121,-4.362135178,-10.04418743
2023.09.07,35,24.6,6.23,-141.5,476,0.07,0.04903,-5.660051938,-13.03275122
2023.09.07,30,24.7,6.24,-75,448,0.08,0.11546,-5.602059991,-12.89921983
2023.09.07,25,24.7,6.24,-33,315,0.08,0.15746,-5.602059991,-12.89921983
2023.09.07,20,24.7,6.42,83.5,193.9,0.09,0.27396,-5.550907469,-12.78143679
2023.09.07,15,24.7,6.45,247.2,185.2,0.1,0.43766,-5.505149978,-12.67607627
2023.09.07,10,24.7,6.51,285,179.6,0.12,0.47546,-5.425968732,-12.49375472
2023.09.07,5,24.7,6.46,301.5,179.2,0.17,0.49196,-5.274701057,-12.14544802
2023.09.14,B,23.9,6.01,-35,480,0.12,0.17177,-5.425968732,-12.49375472
2023.09.14,S,24.6,6.66,319,127.2,2.46,0.52528,-4.114214871,-9.473329832
2023.09.24,45,22,6.43,-45.9,211,0.04,0.14645,-5.903089987,-13.59236701
2023.09.24,40,22,6.45,-20.9,140.2,0.05,0.17145,-5.806179974,-13.36922346
2023.09.24,35,21.8,6.49,192.6,124.1,0.05,0.38509,-5.806179974,-13.36922346
2023.09.24,30,21.8,6.47,216.6,124,0.06,0.40909,-5.726998728,-13.1869019
2023.09.24,25,21.8,6.47,217.3,124.7,0.06,0.40979,-5.726998728,-13.1869019
2023.09.24,20,21.8,6.48,240.9,124.4,0.07,0.43339,-5.660051938,-13.03275122
2023.09.24,15,21.8,6.46,271.8,124,0.09,0.46429,-5.550907469,-12.78143679
2023.09.24,10,21.9,6.47,288.1,123.8,0.1,0.48052,-5.505149978,-12.67607627
2023.09.24,5,21.9,6.45,297.8,123.5,0.09,0.49022,-5.550907469,-12.78143679
2023.09.28,B,22.9,6,-58.3,201,0.09,0.14917,-5.550907469,-12.78143679
2023.09.28,S,23.6,6.64,321.9,134,3.24,0.52888,-3.994604968,-9.197917852
2023.10.05,B,20.3,6.24,113.8,122.2,0,0.32309,ND,ND
2023.10.05,S,20,6.51,317.4,106.3,0.86,0.5269,-4.570651527,-10.52431407
2023.10.06,45,18.5,6.65,63.8,115,0.04,0.2586,-5.903089987,-13.59236701
2023.10.06,40,18.5,6.68,183.7,115.1,0.33,0.3785,-4.986636038,-11.48215381
2023.10.06,35,18.4,6.68,304.8,114.7,0.76,0.49967,-4.624336386,-10.64792803
2023.10.06,30,18.4,6.71,309.9,114.6,0.9,0.50477,-4.550907469,-10.4788517
2023.10.06,25,18.4,6.71,314,114.5,0.93,0.50887,-4.53666703,-10.44606187
2023.10.06,20,18.4,6.7,318.4,114.6,0.88,0.51327,-4.560667306,-10.50132455
2023.10.06,15,18.4,6.7,327.8,114.1,0.9,0.52267,-4.550907469,-10.4788517
2023.10.06,10,18.4,6.69,339.1,113.9,0.93,0.53397,-4.53666703,-10.44606187
2023.10.06,5,18.5,6.66,343.7,113.7,1.16,0.5385,-4.440691989,-10.22507118
2023.10.11,B,18.2,6.62,-242,225,0.35,-0.03124,-4.961081934,-11.42331331
2023.10.11,S,18.2,6.85,396.3,121.7,2.64,0.60706,-4.083546051,-9.402712265
2023.10.13,40,16.5,6.65,237.5,122.6,0,0.4337,ND,ND
2023.10.13,35,16.5,6.75,335.6,122.6,0.32,0.5318,-5,-11.51292546
2023.10.13,30,16.5,6.76,341.2,122.6,0.38,0.5374,-4.925366382,-11.34107521
2023.10.13,25,16.5,6.75,346.3,122.5,0.46,0.5425,-4.842392147,-11.15001997
2023.10.13,20,16.5,6.75,355.2,122.4,0.46,0.5514,-4.842392147,-11.15001997
2023.10.13,15,16.5,6.73,366.2,122.4,0.54,0.5624,-4.772756218,-10.98967732
2023.10.13,10,16.5,6.73,374.5,122.3,0.65,0.5707,-4.692236622,-10.8042741
2023.10.13,5,16.5,6.7,390.2,122,0.73,0.5864,-4.641827118,-10.68820193
2023.10.18,B,16.6,6.72,-215,111,0.18,-0.00312,-5.249877473,-12.08828961
2023.10.18,S,16.8,6.78,332.2,113.5,0.59,0.54394,-4.734297967,-10.90112392
2023.10.19,40,17,6.62,132.6,119.4,0,0.32845,ND,ND
2023.10.19,35,17,6.66,251.8,114.6,0,0.44765,ND,ND
2023.10.19,30,17,6.66,315.8,114.6,0,0.51165,ND,ND
2023.10.19,25,17,6.65,334,114.6,0,0.52985,ND,ND
2023.10.19,20,17.1,6.65,349.2,115,0.03,0.54498,-6.028028724,-13.88004908
2023.10.19,15,17.1,6.65,352.4,114.8,0.09,0.54818,-5.550907469,-12.78143679
2023.10.19,10,17.5,6.73,354.7,117.5,0.21,0.5502,-5.182930684,-11.93413893
2023.10.19,5,18,6.71,369.7,119.2,1.41,0.56485,-4.355930866,-10.02990148
2023.10.25,B,15.4,6.67,-202.8,127,0.17,0.00992,-5.274701057,-12.14544802
2023.10.25,S,15.9,6.75,371.5,126.7,1.41,0.58387,-4.355930866,-10.02990148
2023.10.26,45,15.2,6.45,204.6,126.9,0,0.40171,ND,ND
2023.10.26,40,15.1,6.47,259.3,115.1,0.01,0.45648,-6.505149978,-14.97866137
2023.10.26,35,15.1,6.49,287.3,115.2,0.06,0.48448,-5.726998728,-13.1869019
2023.10.26,30,15,6.49,327.6,114.8,0.08,0.52485,-5.602059991,-12.89921983
2023.10.26,25,15,6.49,337.7,114.8,0.2,0.53495,-5.204119983,-11.98292909
2023.10.26,20,15.1,6.5,340.1,114.8,0.25,0.53728,-5.10720997,-11.75978554
2023.10.26,15,15.1,6.54,351.7,114.7,0.47,0.54888,-4.83305212,-11.12851377
2023.10.26,10,15.4,6.56,364.5,117.2,1.13,0.56147,-4.452071535,-10.25127355
2023.10.26,5,15.5,6.55,366.6,117.8,1.69,0.5635,-4.277263274,-9.848762653
2023.11.01,B,14.4,6.8,186.7,131.2,0.06,0.40012,-5.726998728,-13.1869019
2023.11.01,S,15.2,6.81,381.5,126.7,1.02,0.59436,-4.496549807,-10.35368855
2023.11.02,40,14.6,6.45,52.3,153.4,0,0.24983,ND,ND
2023.11.02,35,14.4,6.46,83.4,128.2,0,0.28107,ND,ND
2023.11.02,30,14.4,6.48,110.8,128,0,0.30847,ND,ND
2023.11.02,25,14.4,6.51,317.7,127.9,0.01,0.51537,-6.505149978,-14.97866137
2023.11.02,20,14.4,6.51,324.7,127.8,0.04,0.52237,-5.903089987,-13.59236701
2023.11.02,15,14.5,6.5,331.4,127.7,0.07,0.529,-5.660051938,-13.03275122
2023.11.02,10,14.7,6.49,342.1,127.4,0.33,0.53956,-4.986636038,-11.48215381
2023.11.02,5,14.9,6.48,349.4,127.6,0.62,0.54672,-4.712758289,-10.85152698
2023.11.08,B,15.7,6.26,-23.7,133.3,0.04,0.18881,-5.903089987,-13.59236701
2023.11.08,S,15.6,6.59,330.8,105.7,2.39,0.54338,-4.126752077,-9.502197816
2023.11.09,40,15.3,6.56,160.7,138.4,0,0.35774,ND,ND
2023.11.09,35,15.2,6.56,210.9,122.8,0,0.40801,ND,ND
2023.11.09,30,15.2,6.57,274.3,121.2,0,0.47141,ND,ND
2023.11.09,25,15.3,6.58,286.5,122.1,0.03,0.48354,-6.028028724,-13.88004908
2023.11.09,20,15.2,6.58,310,119.6,0.02,0.50711,-6.204119983,-14.28551419
2023.11.09,15,15.3,6.59,341.2,119.7,0.08,0.53824,-5.602059991,-12.89921983
2023.11.09,10,15.5,6.59,347.3,120.9,0.36,0.5442,-4.948847478,-11.39514243
2023.11.09,5,15.9,6.6,357.8,119.7,1.5,0.55442,-4.329058719,-9.968026074
2023.11.15,B,11.2,6.56,,124.3,0.15,"(215.66 + """")/1000",-5.329058719,-12.27061117
2023.11.15,S,11.3,6.55,378.3,124.6,0.27,0.59389,-5.073786214,-11.6828245
2023.11.16,40,11.6,6.66,110.5,132.5,0,0.31013,ND,ND
2023.11.16,35,11.4,6.66,191.1,129,0,0.39087,ND,ND
2023.11.16,30,11.4,6.63,340.6,127,0,0.54037,ND,ND
2023.11.16,25,11.3,6.63,352,125.9,0.07,0.55184,-5.660051938,-13.03275122
2023.11.16,20,11.4,6.64,353.4,125.8,0.11,0.55317,-5.463757293,-12.58076609
2023.11.16,15,11.4,6.64,356.8,126.2,0.28,0.55657,-5.057991947,-11.64645686
2023.11.16,10,11.6,6.69,374.5,128.5,0.59,0.57413,-4.734297967,-10.90112392
2023.11.16,5,11.7,6.66,385.7,129.7,1.41,0.58526,-4.355930866,-10.02990148
2023.11.22,B,10.4,6.46,316.8,118.1,0.02,0.53302,-6.204119983,-14.28551419
2023.11.22,S,10.6,6.49,380.4,118.2,0.22,0.59648,-5.162727297,-11.88761891
2023.11.24,40,11.9,6.55,62,122.4,0,0.26142,ND,ND
2023.11.24,35,11.9,6.53,73.2,121.2,0,0.27262,ND,ND
2023.11.24,30,11.9,6.53,232.6,121.1,0,0.43202,ND,ND
2023.11.24,25,11.9,6.53,283.6,121.1,0.03,0.48302,-6.028028724,-13.88004908
2023.11.24,20,11.9,6.53,333.6,121.1,0.07,0.53302,-5.660051938,-13.03275122
2023.11.24,15,12.1,6.57,358.1,121.4,0.45,0.55738,-4.851937465,-11.17199888
2023.11.24,10,12.1,6.67,365.4,121.5,1.77,0.56468,-4.257176712,-9.802511635
2023.11.24,5,12.3,6.65,368.2,113.8,2.53,0.56734,-4.102029457,-9.445271879
2023.11.29,B,10,6.55,90.4,130.4,0.29,0.3069,-5.04275198,-11.61136554
2023.11.29,S,10,6.52,371.8,129.7,1.02,0.5883,-4.496549807,-10.35368855
2023.11.30,40,10.1,6.42,182.2,132.2,0,0.38288,ND,ND
2023.11.30,35,10,6.49,326.9,131,0.75,0.52765,-4.630088715,-10.66117325
2023.11.30,30,10,6.5,332.9,131,0.87,0.53365,-4.565630726,-10.51275325
2023.11.30,25,10,6.49,339.6,130.8,0.89,0.54035,-4.555759972,-10.490025
2023.11.30,20,10,6.49,345.3,130.8,0.88,0.54605,-4.560667306,-10.50132455
2023.11.30,15,10,6.5,350.3,130.6,0.87,0.55105,-4.565630726,-10.51275325
2023.11.30,10,10,6.49,351,130.6,0.9,0.55175,-4.550907469,-10.4788517
2023.11.30,5,10,6.47,353.5,130.8,0.99,0.55425,-4.509514784,-10.38354152
2023.12.06,B,9,6.48,135.1,149.6,0.03,0.3523,-6.028028724,-13.88004908
2023.12.06,S,9,6.58,363.8,138.5,1.6,0.581,-4.301029996,-9.903487553
2023.12.13,B,11.5,6.28,43.1,247,0,0.25855,ND,ND
2023.12.13,S,11.2,6.66,348.4,157,0.05,0.56406,-5.806179974,-13.36922346
2023.12.14,40,9.7,6.46,57.3,174.8,0,0.25826,ND,ND
2023.12.14,35,9.6,6.48,114.2,168.5,0,0.31523,ND,ND
2023.12.14,30,9.6,6.48,153.1,168.4,0,0.35413,ND,ND
2023.12.14,25,9.6,6.5,185.9,168.2,0,0.38693,ND,ND
2023.12.14,20,9.6,6.5,221.9,167.8,0,0.42293,ND,ND
2023.12.14,15,9.6,6.49,264.3,167.3,0,0.46533,ND,ND
2023.12.14,10,9.6,6.5,283.8,167,0.09,0.48483,-5.550907469,-12.78143679
2023.12.14,5,9.8,6.47,316.7,166,0.37,0.51759,-4.936948254,-11.36774346
2023.12.20,B,7.9,6.67,162.8,177,0,0.38077,ND,ND
2023.12.20,S,8,6.79,352.9,174.3,1.67,0.5708,-4.282433507,-9.860667555
2023.12.27,B,6.6,6.59,191.3,185.2,0.73,0.41018,-4.641827118,-10.68820193
2023.12.27,S,6.7,6.66,353.4,184.4,1.67,0.57221,-4.282433507,-9.860667555
2023.12.28,40,6.3,6.8,279.3,178.1,0.54,0.48264,-4.772756218,-10.98967732
2023.12.28,35,6.2,6.82,319.4,177.9,0.7,0.52281,-4.660051938,-10.73016613
2023.12.28,30,6.2,6.83,322,177.8,0.74,0.52541,-4.635918259,-10.67459627
2023.12.28,25,6.2,6.83,329.8,177.8,0.72,0.53321,-4.647817482,-10.70199525
2023.12.28,20,6.2,6.83,332.3,177.6,0.87,0.53571,-4.565630726,-10.51275325
2023.12.28,15,6.2,6.83,336,177.4,1.11,0.53941,-4.459827,-10.26913117
2023.12.28,10,6.2,6.82,337.6,177.4,1.21,0.54101,-4.422364608,-10.18287082
2023.12.28,5,6.6,6.8,342.3,176.8,1.45,0.54543,-4.343781976,-10.00192763
2024.01.04,B,8.1,6.89,257.9,192.1,0.69,0.47573,-4.666300888,-10.74455486
2024.01.04,S,8.4,6.81,358,179,4.06,0.57562,-3.896623945,-8.972308208
2024.01.10,B,5.1,6.54,331.2,188.5,2.71,0.55113,-4.072180687,-9.376542547
2024.01.10,S,5,6.62,349.9,187.7,4.31,0.5699,-3.870672708,-8.912553278
2024.01.12,40,6.4,6.6,226.5,189.6,1.31,0.42977,-4.387878683,-10.10346404
2024.01.12,35,6.2,6.75,326.2,188.9,3.25,0.52961,-3.993266617,-9.194836185
2024.01.12,30,6.1,6.77,330.9,188.6,3.53,0.53438,-3.957375273,-9.112193311
2024.01.12,25,6.2,6.91,333,188.5,4.48,0.53641,-3.853871964,-8.873868135
2024.01.12,20,6.2,6.91,336.6,188.4,5.46,0.54001,-3.767957336,-8.676042392
2024.01.12,15,6.2,6.91,340.5,188.1,6.22,0.54391,-3.711359594,-8.545721275
2024.01.12,10,6.3,6.92,346.6,187.8,6.69,0.54994,-3.679723861,-8.472877308
2024.01.12,5,6.6,6.87,351.1,187.1,6.62,0.55423,-3.684291989,-8.483395812
2024.01.17,B,4.9,6.7,188,190.2,3.56,0.40807,-3.95369998,-9.103730637
2024.01.17,S,4.9,6.77,320.5,189.9,6.99,0.54057,-3.660672803,-8.429010626
2024.01.24,B,5,6.54,334.7,213,1.57,0.5547,-4.309250326,-9.922415562
2024.01.24,S,4.8,6.62,359.5,213,2.06,0.57964,-4.191282758,-9.650785199
2024.01.25,45,4.6,6.51,340.7,213,3.69,0.56098,-3.938123612,-9.067864724
2024.01.25,40,4.6,6.54,342.8,213,3.73,0.56308,-3.933441147,-9.057082948
2024.01.25,35,4.5,6.55,343.6,213,3.75,0.56395,-3.931118711,-9.051735342
2024.01.25,30,4.5,6.55,344.8,213,3.77,0.56515,-3.928808628,-9.04641618
2024.01.25,25,4.5,6.56,349.3,213,3.79,0.56965,-3.926510768,-9.041125163
2024.01.25,20,4.4,6.58,353.4,213,3.75,0.57382,-3.931118711,-9.051735342
2024.01.25,15,4.5,6.58,358.9,212,3.81,0.57925,-3.924225003,-9.035861993
2024.01.25,10,4.5,6.58,366.2,212,3.72,0.58655,-3.934607038,-9.059767513
2024.01.25,5,4.8,6.58,365.5,211,3.79,0.58564,-3.926510768,-9.041125163
2024.01.31,B,6.8,6.73,264,246,2.04,0.48274,-4.195519811,-9.660541374
2024.01.31,S,6.8,6.92,352.1,231,6.09,0.57084,-3.720532686,-8.5668431
2024.02.07,B,5.8,6.88,357.1,200,3.03,0.57654,-4.02370735,-9.264928562
2024.02.07,S,5.8,7,363.9,183.6,3.72,0.58334,-3.934607038,-9.059767513
2024.02.08,45,5.7,6.6,325.4,204,2.05,0.54491,-4.193396117,-9.655651389
2024.02.08,40,5.6,6.7,338.6,204,2.73,0.55818,-4.068987331,-9.369189573
2024.02.08,35,5.6,6.69,343.7,204,3.25,0.56328,-3.993266617,-9.194836185
2024.02.08,30,5.6,6.73,345.2,204,3.36,0.56478,-3.978810701,-9.161550208
2024.02.08,25,5.6,6.73,348.4,204,3.64,0.56798,-3.944048595,-9.0815075
2024.02.08,20,5.6,6.73,353.2,204,4.11,0.57278,-3.891308156,-8.960068153
2024.02.08,15,5.6,6.71,355.8,204,4.04,0.57538,-3.898768613,-8.97724649
2024.02.08,10,5.6,6.7,364.4,203,4.06,0.58398,-3.896623945,-8.972308208
2024.02.08,5,5.7,6.68,368.4,203,4.18,0.58791,-3.883973697,-8.943179935
2024.02.14,B,7,6.69,322.9,211,0.88,0.5415,-4.560667306,-10.50132455
2024.02.14,S,7.8,6.93,334.2,199,3.81,0.55224,-3.924225003,-9.035861993
2024.02.20,B,10.1,6.63,186.8,209,0.07,0.40323,-5.660051938,-13.03275122
2024.02.20,S,11.9,7.09,340.7,195.7,6.34,0.55587,-3.70306072,-8.526612413
2024.02.28,B,7,6.87,295.9,175.9,1.36,0.5145,-4.37161107,-10.06600648
2024.02.28,S,7.1,6.75,358.6,174.7,3.52,0.57713,-3.958607315,-9.115030192
2024.03.06,B,7.4,6.02,340.1,158,1.15,0.55842,-4.444452138,-10.23372924
2024.03.06,S,7.4,6.85,355.7,143.3,4.15,0.57402,-3.887101882,-8.950382848
2024.03.08,40,7.4,6.57,294.4,163.9,0.8,0.51272,-4.602059991,-10.59663473
2024.03.08,35,7.4,6.57,344.6,163,0.79,0.56292,-4.607522887,-10.60921352
2024.03.08,30,7.4,6.58,351.9,163.5,0.9,0.57022,-4.550907469,-10.4788517
2024.03.08,25,7.4,6.62,355.7,162.5,1.75,0.57402,-4.26211193,-9.813875394
2024.03.08,20,7.4,6.64,359,162.4,2.3,0.57732,-4.143422142,-9.540582059
2024.03.08,15,7.5,6.65,358.7,162.3,2.82,0.57695,-4.05490087,-9.336754297
2024.03.08,10,7.6,6.68,361,162.1,4.07,0.57918,-3.895555569,-8.969848182
2024.03.08,5,7.9,6.67,363.1,161.4,4.3,0.58107,-3.871681523,-8.914876159
2024.03.13,B,7.8,7.04,243,167.5,1.2,0.46104,-4.425968732,-10.19116962
2024.03.13,S,7.9,7.35,346.2,140.9,4.35,0.56417,-3.866660721,-8.903315337
2024.03.21,B,6.4,6.78,333.2,159.4,0,0.55222,ND,ND
2024.03.21,S,6.2,6.85,356.7,157.8,1.87,0.57586,-4.233308372,-9.747552751
2024.03.27,B,9.5,6.54,196.8,141.2,0.62,0.41365,-4.712758289,-10.85152698
2024.03.27,S,10.5,6.61,338.6,91.1,4.05,0.55475,-3.897694955,-8.974774301
2024.03.30,45,11.1,6.53,30.5,153.7,0,0.24623,ND,ND
2024.03.30,40,11.2,6.53,52.9,150.1,0,0.26856,ND,ND
2024.03.30,35,11.3,6.53,66.9,139.3,0,0.28249,ND,ND
2024.03.30,30,11.4,6.55,87.6,133.7,0.01,0.30312,-6.505149978,-14.97866137
2024.03.30,25,11.8,6.6,320.2,122.2,0.58,0.53544,-4.741721985,-10.91821836
2024.03.30,20,12.2,6.63,334.1,106.5,2.02,0.54906,-4.199798609,-9.67039367
2024.03.30,15,12.4,6.64,336.6,100.1,3.08,0.55142,-4.016599262,-9.248561585
2024.03.30,10,13,6.62,340.8,94,4.5,0.5552,-3.851937465,-8.869413785
2024.03.30,5,13.6,6.63,331.1,94.1,3.87,0.54508,-3.917439013,-9.020236675